area,aqi_value
Tirunelveli,33.310077519379846
Palkalaiperur,42.794871794871796
Madikeri,42.95104895104895
Vijayapura,44.32876712328767
Chamarajanagar,44.80769230769231
