Category,Average_AQI
Top 5 EV States,97.69632485964854
Other States,102.40777369804138
