area,aqi_value
Byrnihat,284.1949152542373
Delhi,238.92
Hajipur,233.66666666666666
Bahadurgarh,226.4375
Gurugram,204.14383561643837
